	name	surname	DOB	class	totalmarks	marks	bml
0	shivani	paridar	24	1st	100	89	0.012624668602449186
1	priya	madloy	30	3rd	100	50	0.04
2	tanu	Gothi	26	5th	100	86	0.01352082206598161
3	raju	patidar	15	UKG	100	30	0.1111111111111111
